{
  "AKJB0000001": "AJKB",
  "ANDB0007999": "CGGX",
  "APBL0001001": "TSDX",
  "APBL0002001": "TVDX",
  "APBL0003001": "DICX",
  "APBL0004001": "TDIX",
  "APBL0005001": "DCDX",
  "APBL0006001": "KRDX",
  "APBL0007001": "GDCX",
  "APBL0008001": "TPDX",
  "APBL0009002": "PSRX",
  "APBL0010001": "CHDX",
  "APBL0011001": "KAAX",
  "APBL0012001": "TADX",
  "APBL0013001": "DCKX",
  "APBL0014001": "DCCX",
  "APBL0015022": "HDCX",
  "APBL0017001": "MEDX",
  "APBL0019001": "ADDX",
  "APBL0020001": "KDBX",
  "APBL0021001": "WARX",
  "APBL0022001": "DCEX",
  "APBL0023001": "NLGX",
  "APGV0000001": "APGX",
  "BARB0BGGBXX": "BGGX",
  "BARB0BRGBXX": "BRGX",
  "BARB0BUPGBX": "BUGX",
  "BKID000DCBL": "DHKX",
  "BKID099BKCB": "BKCX",
  "BKID0ARYAGB": "ARYX",
  "BKID0NAMRGB": "NJGX",
  "BKID0WAINGB": "WKGX",
  "CBIN0CGDCBN": "CRSX",
  "CBIN0MPABAA": "MPRX",
  "CBIN0MPDACT": "JIMX",
  "CBIN0MPDCAB": "JIBX",
  "CBIN0MPDCAC": "JMBX",
  "CBIN0MPDCAD": "JBHX",
  "CBIN0MPDCAE": "BHOX",
  "CBIN0MPDCAF": "JCHX",
  "CBIN0MPDCAG": "JICX",
  "CBIN0MPDCAH": "JIDX",
  "CBIN0MPDCAI": "JMDX",
  "CBIN0MPDCAJ": "JDEX",
  "CBIN0MPDCAK": "JSDX",
  "CBIN0MPDCAL": "JIGX",
  "CBIN0MPDCAM": "JGWX",
  "CBIN0MPDCAN": "JHSX",
  "CBIN0MPDCAO": "IPCX",
  "CBIN0MPDCAP": "JKDX",
  "CBIN0MPDCAQ": "JJHX",
  "CBIN0MPDCAR": "JIKX",
  "CBIN0MPDCAS": "JKHX",
  "CBIN0MPDCAU": "JMAX",
  "CBIN0MPDCAV": "JMOX",
  "CBIN0MPDCAW": "JNAX",
  "CBIN0MPDCAX": "JPAX",
  "CBIN0MPDCAY": "JKRX",
  "CBIN0MPDCAZ": "JIRX",
  "CBIN0MPDCBA": "JRAX",
  "CBIN0MPDCBB": "JSRX",
  "CBIN0MPDCBC": "JBMX",
  "CBIN0MPDCBD": "JSTX",
  "CBIN0MPDCBE": "JSEX",
  "CBIN0MPDCBF": "JSOX",
  "CBIN0MPDCBG": "JIOX",
  "CBIN0MPDCBH": "JSHX",
  "CBIN0MPDCBI": "JSVX",
  "CBIN0MPDCBJ": "JISX",
  "CBIN0MPDCBK": "JTIX",
  "CBIN0MPDCBL": "JRKX",
  "CBIN0MPDCBM": "JLSX",
  "CBIN0R10001": "UBGX",
  "CBIN0R40012": "UKGX",
  "DEOB0000001": "DEOX",
  "DLSC0000001": "DSCB",
  "DMKJ0000001": "DMKB",
  "DOHB0000001": "OIBA",
  "ESMF0000001": "ESAF",
  "FDRL012FCUB": "FEKX",
  "FDRL01BMCOB": "BHJX",
  "FDRL01MEUCB": "MEUX",
  "FDRL0AUCB02": "AWCX",
  "FDRL0CCUB01": "CALX",
  "FDRL0NCUB01": "NCUX",
  "FDRL0WDCB01": "WDCX",
  "FSFB0000001": "FINF",
  "GSCB0ADC001": "ADBX",
  "GSCB0AMR001": "AMRX",
  "GSCB0BKD001": "BKDX",
  "GSCB0BRC001": "BRUX",
  "GSCB0BRD001": "BRDX",
  "GSCB0BVN001": "BVNX",
  "GSCB0JMN001": "JCDX",
  "GSCB0JNDC01": "JNDX",
  "GSCB0KDT001": "KOTX",
  "GSCB0KTC001": "KACX",
  "GSCB0MSN001": "MSNX",
  "GSCB0PDC001": "PANX",
  "GSCB0RJT001": "RJTX",
  "GSCB0SKB001": "SADX",
  "GSCB0SNR001": "SUDX",
  "GSCB0UBMCBL": "TBMX",
  "GSCB0UCCCBL": "CCMX",
  "GSCB0UGACBL": "GACX",
  "GSCB0UJAMNA": "TJNX",
  "GSCB0UKMCBL": "KSMX",
  "GSCB0UKNSBL": "KBNX",
  "GSCB0UKPCBL": "KHDX",
  "GSCB0UMCCBL": "MKYX",
  "GSCB0UMNCBL": "TNBX",
  "GSCB0UNNCBL": "NNCX",
  "GSCB0UPATAN": "PTSX",
  "GSCB0UPNSBL": "PADX",
  "GSCB0URNSBL": "RJNX",
  "GSCB0USATHM": "TSPX",
  "GSCB0USAURA": "TSUX",
  "GSCB0USBNBL": "SBNX",
  "GSCB0USHNBL": "SINX",
  "GSCB0USMCBL": "TSMX",
  "GSCB0USSNPL": "SALX",
  "GSCB0UTBSBL": "TBNS",
  "GSCB0UTKSBL": "TKAX",
  "GSCB0UTPCBL": "PGTX",
  "GSCB0UTSNBL": "SNBX",
  "GSCB0UUCOBL": "UNIX",
  "GSCB0UUNJBL": "UJSX",
  "GSCB0UUNSBL": "UNSX",
  "GSCB0UVIRAM": "VIMX",
  "GSCB0VDC001": "VADX",
  "HCBL0000001": "HCBX",
  "HDFC0C0CUCB": "CHBX",
  "HDFC0C0RSBL": "RSBX",
  "HDFC0CAACOB": "AACX",
  "HDFC0CABBLM": "ABBL",
  "HDFC0CACABL": "ACAX",
  "HDFC0CACUB9": "ACUB",
  "HDFC0CADARS": "ACBX",
  "HDFC0CALAVI": "ALAX",
  "HDFC0CAMARN": "ACOX",
  "HDFC0CAMBLA": "AKMX",
  "HDFC0CAMMCO": "AMMX",
  "HDFC0CAMNSB": "AMNX",
  "HDFC0CAMSBA": "AMSX",
  "HDFC0CANSCB": "ANSX",
  "HDFC0CAPANI": "APNX",
  "HDFC0CAPCBL": "AJPX",
  "HDFC0CAPJBK": "APJX",
  "HDFC0CASB01": "DBAX",
  "HDFC0CAUCBL": "ANUX",
  "HDFC0CBACOB": "BACX",
  "HDFC0CBCBBK": "BCBX",
  "HDFC0CBCBMN": "BTCX",
  "HDFC0CBCCBL": "BURX",
  "HDFC0CBDSCB": "BSCX",
  "HDFC0CBFUCB": "BFUX",
  "HDFC0CBHLUB": "BHUX",
  "HDFC0CBHRAT": "SBUJ",
  "HDFC0CBHUCB": "BUBX",
  "HDFC0CBLMSB": "BMSX",
  "HDFC0CBNB01": "BRSX",
  "HDFC0CBNBNK": "BNSX",
  "HDFC0CBNSAH": "BHBX",
  "HDFC0CBNSBL": "BALX",
  "HDFC0CBNSBM": "BDNX",
  "HDFC0CBPCBL": "BPCX",
  "HDFC0CBSB01": "BSBX",
  "HDFC0CBUCBB": "BRMX",
  "HDFC0CBUCBG": "BCUB",
  "HDFC0CBUCBL": "BJUX",
  "HDFC0CBVNSB": "BBVX",
  "HDFC0CBWRUB": "BUCX",
  "HDFC0CCBSBK": "SBKX",
  "HDFC0CCCB02": "COCX",
  "HDFC0CCMCBL": "CMCB",
  "HDFC0CCUB01": "CHIX",
  "HDFC0CCUCBL": "CTUX",
  "HDFC0CDACBL": "DUCX",
  "HDFC0CDACUB": "ACKX",
  "HDFC0CDILIP": "DIUX",
  "HDFC0CDMCBD": "DAHX",
  "HDFC0CDMCBL": "TDMX",
  "HDFC0CDMOBL": "DMCX",
  "HDFC0CDNSBA": "DNSX",
  "HDFC0CDSBNB": "DSBX",
  "HDFC0CDUCBE": "DHUX",
  "HDFC0CDUCBL": "DCUX",
  "HDFC0CECBL2": "ECBL",
  "HDFC0CEENAD": "TECX",
  "HDFC0CEUCBL": "EWCX",
  "HDFC0CGCB02": "GODX",
  "HDFC0CGCBLG": "GANX",
  "HDFC0CGMCBL": "GMCX",
  "HDFC0CGNCBL": "TGNX",
  "HDFC0CGNSBL": "GOSX",
  "HDFC0CGPCBL": "GHPX",
  "HDFC0CGUB02": "GUCX",
  "HDFC0CHOKSB": "SHOX",
  "HDFC0CHUCBH": "HUCX",
  "HDFC0CICBL1": "INDX",
  "HDFC0CIMB01": "ICHX",
  "HDFC0CISWAM": "ISMX",
  "HDFC0CITC01": "ITCX",
  "HDFC0CIUCBL": "IUCB",
  "HDFC0CJALOR": "JRSX",
  "HDFC0CJBMLG": "JCBX",
  "HDFC0CJCBLD": "JACX",
  "HDFC0CJCBLN": "JKCX",
  "HDFC0CJCCBL": "JUCX",
  "HDFC0CJCUBL": "JOWX",
  "HDFC0CJMCBL": "JMCX",
  "HDFC0CJMS99": "JMSX",
  "HDFC0CJNB08": "JONX",
  "HDFC0CJNSBB": "JNSX",
  "HDFC0CJNSBL": "JLWX",
  "HDFC0CJNSBM": "JHAX",
  "HDFC0CJPCBL": "JLNX",
  "HDFC0CJSCBL": "JASX",
  "HDFC0CJUCBI": "JSWX",
  "HDFC0CJUCBL": "JMHX",
  "HDFC0CKAMCO": "KASX",
  "HDFC0CKBS01": "KBSX",
  "HDFC0CKCCBL": "KRIX",
  "HDFC0CKMB01": "KMSX",
  "HDFC0CKMNSB": "KKMX",
  "HDFC0CKNB02": "KOSX",
  "HDFC0CKNSBZ": "KDNX",
  "HDFC0CKOUCB": "KOYX",
  "HDFC0CKSBL1": "KHNX",
  "HDFC0CKSBNB": "KSNX",
  "HDFC0CKTCCB": "KALX",
  "HDFC0CKUB01": "KHUX",
  "HDFC0CKUCBK": "TKUX",
  "HDFC0CKUCBL": "KUCX",
  "HDFC0CKUCBS": "KVCX",
  "HDFC0CKUCPL": "KSUX",
  "HDFC0CLCBLO": "LCBX",
  "HDFC0CLLC02": "LICB",
  "HDFC0CLPCBL": "TLPX",
  "HDFC0CLSABL": "LONX",
  "HDFC0CMAHAD": "TASX",
  "HDFC0CMALAD": "MSBL",
  "HDFC0CMAN01": "ABUX",
  "HDFC0CMANCB": "MSOX",
  "HDFC0CMASBL": "MHSX",
  "HDFC0CMBANK": "ANMX",
  "HDFC0CMBCUB": "MACX",
  "HDFC0CMCBLD": "MGCX",
  "HDFC0CMCOBL": "MABL",
  "HDFC0CMCUBL": "MCUX",
  "HDFC0CMFUCB": "MFUX",
  "HDFC0CMNSAA": "SMNX",
  "HDFC0CMNSBM": "MMMX",
  "HDFC0CMODEL": "MDEX",
  "HDFC0CMPLTB": "TMAX",
  "HDFC0CMPSSB": "MVIX",
  "HDFC0CMUCB1": "TMUX",
  "HDFC0CMUCBL": "MALX",
  "HDFC0CMUDCB": "MUDX",
  "HDFC0CMUSLM": "MUSX",
  "HDFC0CNB311": "NIRX",
  "HDFC0CNCCBL": "NCCX",
  "HDFC0CNDGCB": "NDGX",
  "HDFC0CNEELA": "TNKX",
  "HDFC0CNGUBL": "NGNX",
  "HDFC0CNHUCB": "TNHX",
  "HDFC0CNJMVB": "NJMX",
  "HDFC0CNSBLD": "NGSX",
  "HDFC0CNSBLN": "NABX",
  "HDFC0CNSBLR": "NSRX",
  "HDFC0CNSBMJ": "NSJX",
  "HDFC0CNSBMV": "NBMX",
  "HDFC0CNUB01": "NCOX",
  "HDFC0CNUCBH": "NILX",
  "HDFC0CNUCBK": "NVCX",
  "HDFC0CNUCBL": "NUBX",
  "HDFC0CNUCBN": "TNUX",
  "HDFC0COJSBL": "OSMX",
  "HDFC0COMC01": "OMCX",
  "HDFC0COMMCO": "CMLX",
  "HDFC0CPATAN": "PCBL",
  "HDFC0CPCB01": "PCBX",
  "HDFC0CPCSBL": "PCTX",
  "HDFC0CPDCCB": "PDCX",
  "HDFC0CPDPBK": "APSX",
  "HDFC0CPIMCO": "PMCX",
  "HDFC0CPMCBL": "PROX",
  "HDFC0CPNSBL": "PNSX",
  "HDFC0CPPCB1": "PPCX",
  "HDFC0CPRCBL": "PREX",
  "HDFC0CPSBLN": "PRSX",
  "HDFC0CPUB04": "PALX",
  "HDFC0CPUBLP": "PTNX",
  "HDFC0CPUCBL": "PGRX",
  "HDFC0CPUCOB": "PUBX",
  "HDFC0CRANUJ": "RNBX",
  "HDFC0CRCBLB": "RJJX",
  "HDFC0CRCZUC": "CZUX",
  "HDFC0CRLMUB": "RHMX",
  "HDFC0CRLUCB": "RLUX",
  "HDFC0CRMUCB": "RAMX",
  "HDFC0CRNGCB": "RCBX",
  "HDFC0CRNSSB": "RDNX",
  "HDFC0CRPCBL": "RANX",
  "HDFC0CRSSBL": "RSSX",
  "HDFC0CS1812": "SMEX",
  "HDFC0CSACBL": "ADCX",
  "HDFC0CSAMAT": "SDBX",
  "HDFC0CSANBK": "SMTX",
  "HDFC0CSBCBL": "SRCX",
  "HDFC0CSBL02": "SAHX",
  "HDFC0CSBLIN": "SBLD",
  "HDFC0CSCBL1": "SACX",
  "HDFC0CSCBL2": "SCIX",
  "HDFC0CSCNSB": "SCNX",
  "HDFC0CSCOBL": "SIDX",
  "HDFC0CSDSBL": "SSBX",
  "HDFC0CSGUCB": "SGUX",
  "HDFC0CSHREE": "SREX",
  "HDFC0CSHSBL": "SHSX",
  "HDFC0CSIDDH": "SDHX",
  "HDFC0CSINDC": "SDCX",
  "HDFC0CSLABK": "SLAX",
  "HDFC0CSLCBL": "SLCX",
  "HDFC0CSMMB1": "SMMX",
  "HDFC0CSMPBA": "SMPX",
  "HDFC0CSMSSB": "SEWX",
  "HDFC0CSMUCB": "SMUX",
  "HDFC0CSNCBL": "SNAX",
  "HDFC0CSNCBR": "SUNB",
  "HDFC0CSNSB0": "SKNX",
  "HDFC0CSNSBH": "SIHX",
  "HDFC0CSNSBL": "SONX",
  "HDFC0CSNSBM": "SGSX",
  "HDFC0CSPCBK": "HPCX",
  "HDFC0CSSB01": "SAIX",
  "HDFC0CSSBNK": "SHEX",
  "HDFC0CSSSBL": "SSSX",
  "HDFC0CSSSBN": "SHUX",
  "HDFC0CSSUCB": "SSLX",
  "HDFC0CSTUCB": "STRX",
  "HDFC0CSUB01": "SHBX",
  "HDFC0CSUCBL": "SUCX",
  "HDFC0CSUCOB": "SSDX",
  "HDFC0CSUCUB": "SCUX",
  "HDFC0CSUDHA": "SDUX",
  "HDFC0CSUVRN": "SUVX",
  "HDFC0CSVCBL": "VCCX",
  "HDFC0CSVSBL": "SAVX",
  "HDFC0CSWMUB": "SWMX",
  "HDFC0CSWSBL": "SWSX",
  "HDFC0CTANSB": "AGSX",
  "HDFC0CTBCBL": "BHAX",
  "HDFC0CTBMCB": "BMPX",
  "HDFC0CTBNSB": "BAVX",
  "HDFC0CTBUCB": "BORX",
  "HDFC0CTCCBK": "TCCX",
  "HDFC0CTGCUB": "GCUX",
  "HDFC0CTGNSB": "GNSX",
  "HDFC0CTGUCB": "TGUX",
  "HDFC0CTJCBL": "JANX",
  "HDFC0CTJPCB": "JMPX",
  "HDFC0CTKNSB": "KUKX",
  "HDFC0CTLCBL": "LACX",
  "HDFC0CTMCBL": "MVCX",
  "HDFC0CTMCNB": "MNBX",
  "HDFC0CTMUCB": "MKUX",
  "HDFC0CTR384": "TUBX",
  "HDFC0CTRUMC": "RUMX",
  "HDFC0CTSCBL": "SNGX",
  "HDFC0CTSGCB": "TSCX",
  "HDFC0CTSMCB": "SMCX",
  "HDFC0CTTCBL": "TETX",
  "HDFC0CTUB02": "TUCX",
  "HDFC0CTUCB1": "UTBX",
  "HDFC0CTUCBL": "FGCB",
  "HDFC0CTUCOB": "TAPX",
  "HDFC0CTVCBL": "VIJX",
  "HDFC0CTZNBK": "CCBX",
  "HDFC0CUCBLM": "TUCL",
  "HDFC0CUCBNR": "TUNX",
  "HDFC0CUCOBL": "UTCX",
  "HDFC0CUCUB9": "UCUX",
  "HDFC0CUPCBA": "UNAX",
  "HDFC0CUUCB2": "UMCX",
  "HDFC0CVB003": "VMCX",
  "HDFC0CVCBL1": "VDYX",
  "HDFC0CVCBLN": "VCBX",
  "HDFC0CVJSBL": "VJSX",
  "HDFC0CVMCBA": "VERX",
  "HDFC0CVPCBL": "TVPX",
  "HDFC0CVSBHO": "VSSX",
  "HDFC0CVSBLS": "VKSX",
  "HDFC0CVSBMS": "VYPX",
  "HDFC0CVUCBL": "VUCX",
  "HDFC0CVVCCB": "VVCX",
  "HDFC0CWOMEN": "WCBX",
  "HDFC0CWUCBL": "WUCX",
  "HDFC0CYACBP": "YCBX",
  "HDFC0CYMSB1": "YMSX",
  "HDFC0CYNSBL": "YNSX",
  "IBKL0001NSB": "NSIX",
  "IBKL0008BCB": "TBCX",
  "IBKL0015NSB": "NSBX",
  "IBKL0031MCB": "MUBX",
  "IBKL0031VCB": "VISX",
  "IBKL0041SCB": "SCOB",
  "IBKL0041SSB": "SSKX",
  "IBKL0046T01": "TNDC",
  "IBKL0063JCB": "JSCX",
  "IBKL0065SDC": "STDX",
  "IBKL0068GP1": "GPCX",
  "IBKL0069AZB": "AZUX",
  "IBKL0069S01": "SUSX",
  "IBKL0069SMS": "SMSX",
  "IBKL0078MCC": "TMBX",
  "IBKL0078MCT": "TMTX",
  "IBKL0080RUC": "RSUX",
  "IBKL0086JMC": "TJMX",
  "IBKL0087PCS": "PCPX",
  "IBKL0087PSB": "PVAX",
  "IBKL0100ACB": "ACCX",
  "IBKL0100ITB": "ITDX",
  "IBKL0100NS2": "NSBB",
  "IBKL0100SKP": "KNNX",
  "IBKL01011GC": "GGCX",
  "IBKL0101BBU": "BBUX",
  "IBKL0101BDC": "BELX",
  "IBKL0101BZR": "ZRNB",
  "IBKL0101MCB": "MRTX",
  "IBKL0101SBC": "BLGX",
  "IBKL0103925": "BDBX",
  "IBKL01064NS": "NGRX",
  "IBKL01066RC": "ROCX",
  "IBKL01071BD": "BODX",
  "IBKL01071BP": "BPSX",
  "IBKL01075MC": "TMCX",
  "IBKL01076SB": "SIWX",
  "IBKL01077BD": "BGUX",
  "IBKL01077KD": "KGDX",
  "IBKL0108SIC": "SKKX",
  "IBKL01095NU": "NLUX",
  "IBKL0114BCU": "TBUX",
  "IBKL0114K01": "KDCX",
  "IBKL0114PCB": "PYCX",
  "IBKL0115GCU": "GCUL",
  "IBKL0115ICB": "ICBL",
  "IBKL0116APC": "ASHX",
  "IBKL0116AUC": "AUCX",
  "IBKL0116DPC": "DOBX",
  "IBKL0116HSB": "HUTX",
  "IBKL0116JSB": "JSAX",
  "IBKL0116KCB": "KAGX",
  "IBKL0116KUC": "KULX",
  "IBKL0116MCO": "MHMX",
  "IBKL0116RBS": "RBBX",
  "IBKL0116RSB": "REBX",
  "IBKL0116SBK": "SKUX",
  "IBKL0116SSB": "SPTX",
  "IBKL0116VMC": "VCOX",
  "IBKL01192AC": "AURX",
  "IBKL0123NMC": "NMCX",
  "IBKL01241MB": "MSSX",
  "IBKL01248NC": "TNCX",
  "IBKL01263UC": "URDX",
  "IBKL01269UB": "URMX",
  "IBKL01272PC": "PRCX",
  "IBKL01282KB": "KNBX",
  "IBKL01340JC": "TJBX",
  "IBKL01365B1": "BAUX",
  "IBKL0140PCC": "TPCX",
  "IBKL0150KMC": "KBCX",
  "IBKL01529GM": "GMUX",
  "IBKL0158SCU": "TSIX",
  "IBKL01600SP": "SPCX",
  "IBKL01606BM": "BOTX",
  "IBKL01606BP": "TBPX",
  "IBKL01642C1": "CTBX",
  "IBKL01642RP": "RAKX",
  "IBKL01720GU": "TGCG",
  "IBKL0186LEC": "LECX",
  "IBKL0209M01": "MPDX",
  "IBKL0218HNS": "HMNX",
  "IBKL0232UCB": "UCBX",
  "IBKL0236UCS": "TUOX",
  "IBKL0250A01": "AMSB",
  "IBKL0256DSC": "DSPX",
  "IBKL0269KTC": "KODX",
  "IBKL0269TDC": "TDCX",
  "IBKL0280KCB": "TKCX",
  "IBKL0294MCC": "MFCX",
  "IBKL0296RDC": "THRX",
  "IBKL0297TSM": "SEMX",
  "IBKL0299RDC": "RDCX",
  "IBKL0339PDC": "PATX",
  "IBKL0340KU1": "KCUX",
  "IBKL0340NCU": "NIUX",
  "IBKL0340PC1": "PAYX",
  "IBKL0340TCU": "TTBX",
  "IBKL0364BCB": "BCOX",
  "IBKL0365SVC": "SVAX",
  "IBKL0401THC": "THCX",
  "IBKL0413KSB": "KESX",
  "IBKL0413RCB": "RGCX",
  "IBKL0414MCB": "MGDX",
  "IBKL0420MPC": "TMPX",
  "IBKL0427NCB": "NAWX",
  "IBKL0443MCB": "COMX",
  "IBKL0443MNB": "MNSX",
  "IBKL0443SCC": "SVCX",
  "IBKL0450KCT": "KSTX",
  "IBKL0450TKD": "KADX",
  "IBKL0452JSB": "JSAB",
  "IBKL0452MCB": "MGCB",
  "IBKL0452ND1": "NDCB",
  "IBKL0458NJM": "NJSX",
  "IBKL0459SBS": "SMBX",
  "IBKL0463DYP": "DYPX",
  "IBKL0463KDC": "KPCX",
  "IBKL0463KS1": "KKSX",
  "IBKL0464GSB": "RSVX",
  "IBKL0464PNS": "SPNX",
  "IBKL0464PSS": "PSSX",
  "IBKL0467JSB": "JIVX",
  "IBKL0467NS1": "NNSX",
  "IBKL046KS01": "KSCX",
  "IBKL0470KRS": "KSBX",
  "IBKL0478ADC": "AHUX",
  "IBKL0478KCB": "KAMX",
  "IBKL0478LOK": "LKMX",
  "IBKL0478MCB": "MASX",
  "IBKL0478SNB": "SRSX",
  "IBKL0483DND": "DNDC",
  "IBKL0485SDC": "SDSX",
  "IBKL0497LDC": "LDCX",
  "IBKL0497LUC": "LATX",
  "IBKL0500NMC": "TNMX",
  "IBKL0501DMC": "DMCB",
  "IBKL0501VSB": "VAIX",
  "IBKL0510WUC": "WAUX",
  "IBKL0530JDC": "JLDX",
  "IBKL0548PMC": "PNMX",
  "IBKL0548PPC": "PPBX",
  "IBKL0551GMC": "GRAX",
  "IBKL0553MSC": "MSBX",
  "IBKL0553TBT": "TBTX",
  "IBKL0553TWU": "WACX",
  "IBKL0574RDC": "RNDX",
  "IBKL0579BSB": "BVSX",
  "IBKL0596BDC": "BDIX",
  "IBKL0608TUC": "TTGX",
  "IBKL0617STB": "STCX",
  "IBKL0693TCB": "TCHX",
  "IBKL0697ANS": "ANBX",
  "IBKL070CZSB": "CHAX",
  "IBKL070TGZS": "TEHX",
  "IBKL0719SCB": "SITX",
  "IBKL0721BCC": "BHGX",
  "IBKL0722CCB": "CRBX",
  "IBKL0724VDC": "VHDX",
  "IBKL0729SUC": "SNCX",
  "IBKL0737Q01": "QUCX",
  "IBKL0743KMC": "KOCX",
  "IBKL0752BCB": "BGCX",
  "IBKL0763CCB": "CHRX",
  "IBKL0763OCB": "TOCX",
  "IBKL0763P10": "TPUX",
  "IBKL0763SCU": "TSNX",
  "IBKL0768PJS": "PITX",
  "IBKL0773BCB": "BCUX",
  "IBKL0776SPS": "SPSX",
  "IBKL0780NCB": "NACX",
  "IBKL0782SBC": "TSBX",
  "IBKL078SCDC": "SCDX",
  "ICIC00ABWCC": "ARMX",
  "ICIC00ADCCB": "AHMX",
  "ICIC00ADRSH": "ACUX",
  "ICIC00AGDCB": "AGDX",
  "ICIC00AJHCB": "AJSX",
  "ICIC00AMSBL": "AMAX",
  "ICIC00ARIHT": "SACB",
  "ICIC00ASHSB": "ASSX",
  "ICIC00AZSBL": "ALIX",
  "ICIC00BAHDC": "BDBB",
  "ICIC00BALUC": "BTUX",
  "ICIC00BBDCB": "DIBX",
  "ICIC00BDCBL": "BDOX",
  "ICIC00BIJNR": "ZSBX",
  "ICIC00BMCBL": "BANX",
  "ICIC00BULND": "ZBBX",
  "ICIC00CCBLT": "CONX",
  "ICIC00CNSBL": "CNSX",
  "ICIC00COMCB": "CMCX",
  "ICIC00DAUSA": "DAUX",
  "ICIC00DCBLS": "DSHX",
  "ICIC00DCCBG": "ZSBG",
  "ICIC00DKDCB": "DKCL",
  "ICIC00DUCBL": "DEUX",
  "ICIC00ETAWH": "ETCX",
  "ICIC00ETDCB": "ETDX",
  "ICIC00ETUCB": "EUCX",
  "ICIC00FDCBL": "FDFX",
  "ICIC00FDCCB": "FCOX",
  "ICIC00FZSBL": "FZSX",
  "ICIC00GUCCB": "GADX",
  "ICIC00HDCBL": "HDCL",
  "ICIC00HDCCB": "HAMX",
  "ICIC00HHSBL": "HSBX",
  "ICIC00INPRS": "IPSX",
  "ICIC00JCBLG": "JCPX",
  "ICIC00JDCBL": "JDCX",
  "ICIC00JDCCB": "TJDX",
  "ICIC00JUSBL": "JUSX",
  "ICIC00KDCBL": "KHCX",
  "ICIC00KHIRI": "ZSLX",
  "ICIC00KURLA": "KNSB",
  "ICIC00KUTCB": "KCBX",
  "ICIC00KZSBL": "ZSKX",
  "ICIC00LDCBL": "ZLLX",
  "ICIC00LMNSB": "LBMX",
  "ICIC00LUCBL": "LULX",
  "ICIC00MAUCB": "MHUX",
  "ICIC00MCUBL": "MAJX",
  "ICIC00MDCCB": "DCMX",
  "ICIC00MDPPC": "MDPX",
  "ICIC00MERUT": "ZSMX",
  "ICIC00MIRZA": "ZIMX",
  "ICIC00MMCBL": "MBLX",
  "ICIC00MORAD": "ZMMX",
  "ICIC00MPCUB": "MAPX",
  "ICIC00MUCBA": "MCAX",
  "ICIC00MUPCB": "MUPX",
  "ICIC00MUZAF": "MCDX",
  "ICIC00MZSBL": "ZBSX",
  "ICIC00NDCCB": "NASX",
  "ICIC00NDIMC": "NDIX",
  "ICIC00NGSBL": "NSPX",
  "ICIC00NIDHI": "NIDX",
  "ICIC00NVJVN": "NJCX",
  "ICIC00PDCBL": "DCPX",
  "ICIC00PRCBL": "PCLX",
  "ICIC00PRDCB": "DTPX",
  "ICIC00PURDC": "PDBX",
  "ICIC00PURVA": "PVCX",
  "ICIC00RAMPR": "RZSX",
  "ICIC00RBDCB": "DTCX",
  "ICIC00RCCBL": "RACX",
  "ICIC00RUCBL": "RPUX",
  "ICIC00SBCUB": "SBCX",
  "ICIC00SBSBN": "BASX",
  "ICIC00SBUCB": "SBUX",
  "ICIC00SEVUC": "SEUX",
  "ICIC00SHNSB": "SVNX",
  "ICIC00SIDRH": "URCX",
  "ICIC00SIDUC": "SURX",
  "ICIC00SJDCB": "DCSX",
  "ICIC00SMRTH": "SSOX",
  "ICIC00SMSBL": "SAPX",
  "ICIC00SULCB": "SULX",
  "ICIC00TMUCB": "MAYX",
  "ICIC00TSCBL": "TPSX",
  "ICIC00TSMCB": "TSAX",
  "ICIC00TUCBL": "TTUX",
  "ICIC00TVCBL": "VRDX",
  "ICIC00TVUCB": "TVUX",
  "ICIC00UDCCB": "ZILX",
  "ICIC00UMUCB": "TUMX",
  "ICIC00UPSCB": "UPCX",
  "ICIC00USCBD": "UTKX",
  "ICIC00USNDC": "USNX",
  "ICIC00VDCBL": "DCTX",
  "ICIC00VNSBL": "VNSX",
  "ICIC00VSCBL": "VSCX",
  "ICIC00ZSBBU": "BUZX",
  "ICIC00ZSBHA": "ZSHX",
  "ICIC00ZSBLB": "ZIBX",
  "ICIC00ZSBLJ": "ZSJX",
  "ICIC00ZSKTW": "ZSGX",
  "ICIC00ZSMAU": "ZSAX",
  "IDIB0PBG001": "PBGX",
  "IDIB0PLB001": "PABX",
  "IDIB0SGB001": "SPBX",
  "INDB0BCCB02": "BCCB",
  "INDB0KUCB01": "KATX",
  "INDB0NCCB00": "NOIX",
  "INDB0NNCB01": "TNEX",
  "INDB0NSBG01": "NGKX",
  "INDB0SBMC01": "SBMX",
  "INDB0SCSC02": "SCSX",
  "INDB0SSBN01": "SSNX",
  "INDB0STCB01": "TYCX",
  "INDB0TMCB01": "TEMX",
  "INDB0VCB001": "SMVC",
  "IOBA0ROGB01": "ODGB",
  "IPOS0000001": "IPPB",
  "JAKA0GRAMEN": "XJKG",
  "KANG0000001": "KCOB",
  "KKBK0ACUB01": "AGRX",
  "KKBK0BCCB04": "BARX",
  "KKBK0BUCB01": "BBLX",
  "KKBK0DCUB01": "DCNX",
  "KKBK0JCUB01": "JCUX",
  "KKBK0KCUB01": "KRMX",
  "KKBK0KMCB02": "KMCB",
  "KKBK0MCUB01": "TMNX",
  "KKBK0MMCB01": "MMCX",
  "KKBK0MNSB01": "TMSX",
  "KKBK0MSCB01": "MCSX",
  "KKBK0MSCMB1": "TMSC",
  "KKBK0MUCB01": "MAUX",
  "KKBK0NCUB01": "NUCX",
  "KKBK0NTCUB1": "NEYX",
  "KKBK0NZSPK1": "NPKX",
  "KKBK0PCBL01": "PGCX",
  "KKBK0PNSB01": "PDSX",
  "KKBK0RCUB01": "RCUX",
  "KKBK0RRUB01": "RNGX",
  "KKBK0SMSB01": "MAVX",
  "KKBK0SRSB01": "RUKX",
  "KKBK0SSBL02": "SABX",
  "KKBK0TCSB02": "CHTX",
  "KKBK0TKCB01": "KRNX",
  "KKBK0TNCB02": "NCBL",
  "KKBK0UCB001": "TUDX",
  "KKBK0VCCB01": "VICX",
  "KKBK0VUCB01": "VAUX",
  "KNSB0000001": "KUNS",
  "KSCB0002001": "BBRX",
  "KSCB0003001": "KRCX",
  "KSCB0004001": "CITX",
  "KSCB0005001": "SCOX",
  "KSCB0007001": "MYSX",
  "KSCB0008001": "MDIX",
  "KSCB0011001": "KDUX",
  "KSCB0012001": "CIDX",
  "KSCB0014001": "BDCX",
  "KSCB0015001": "KCDX",
  "KSCB0016001": "KANX",
  "KSCB0017001": "KYDX",
  "KSCB0018001": "TDBX",
  "KSCB0701001": "DVDX",
  "MAHB000CB01": "COLX",
  "MAHB0RRBMGB": "MGBX",
  "NVNM0000001": "NAVX",
  "PKGB0000001": "PGBX",
  "PMEC0USVSBL": "SVSX",
  "PUCB0000002": "PDUX",
  "PUNB0HGB001": "HGBX",
  "PUNB0HPGB04": "HMBX",
  "PUNB0MBGB06": "MBGX",
  "PUNB0PGB003": "PUGX",
  "PUNB0SUPGB5": "SUBX",
  "RBIS0NDPA01": "RBIN",
  "RBIS0RBIPI0": "RBCX",
  "RSBL0000001": "RGSX",
  "RSCB0011099": "AJMX",
  "RSCB0012001": "ALWX",
  "RSCB0013099": "BCEX",
  "RSCB0014099": "BMCX",
  "RSCB0015001": "BHRX",
  "RSCB0016001": "CBHX",
  "RSCB0017001": "CEBX",
  "RSCB0018099": "BUNX",
  "RSCB0019099": "CHKX",
  "RSCB0020001": "CHCX",
  "RSCB0021099": "DUNX",
  "RSCB0022099": "JCCB",
  "RSCB0023012": "JLCX",
  "RSCB0024099": "JKEX",
  "RSCB0025099": "JHUX",
  "RSCB0026099": "JODX",
  "RSCB0027001": "KCEX",
  "RSCB0028099": "NAUX",
  "RSCB0029099": "PACX",
  "RSCB0030099": "SAWX",
  "RSCB0031099": "SIBX",
  "RSCB0032099": "SCBX",
  "RSCB0033099": "GKNX",
  "RSCB0034099": "CTOX",
  "RSCB0035008": "UCCX",
  "RSCB0036099": "TJAX",
  "RSCB0037099": "DKSX",
  "RSCB0038099": "HANX",
  "RSCB0039099": "BKSX",
  "SBIN0000DOP": "GPOX",
  "SBIN0RRARGB": "APRX",
  "SBIN0RRCHGB": "CGBX",
  "SBIN0RRDCGB": "DGBX",
  "SBIN0RRELGB": "EDBX",
  "SBIN0RRMBGB": "MADX",
  "SBIN0RRMEGB": "MERX",
  "SBIN0RRMIGB": "MZRX",
  "SBIN0RRMRGB": "MDGX",
  "SBIN0RRNLGB": "NAGX",
  "SBIN0RRPUGB": "PURX",
  "SBIN0RRSRGB": "SAGX",
  "SBIN0RRUKGB": "UGBX",
  "SBIN0RRUTGB": "UTGX",
  "SBIN0RRVCGB": "VGBX",
  "SJSB0000001": "SJSX",
  "SKSB0000001": "SHKX",
  "SMCB0000001": "SHIX",
  "SRCB0001MCB": "MSAX",
  "SRCB0BCB808": "BDDX",
  "SRCB0LUB262": "LUCX",
  "SRCB0SAM001": "SAMX",
  "SVCB0001002": "HCBL",
  "SVCB0002001": "GSSX",
  "SVCB0003002": "VSBX",
  "SVCB0004003": "DSUX",
  "SVCB0006002": "CUCX",
  "SVCB0007002": "ABSB",
  "SVCB0008002": "ASBX",
  "SVCB0009002": "PCOX",
  "SVCB0010999": "BHSX",
  "SVCB0011002": "JAUX",
  "SVCB0012002": "MAHX",
  "SVCB0013002": "SASA",
  "SVCB0014002": "DAAX",
  "SVCB0015003": "ASKX",
  "SVCB0016101": "WAIX",
  "SVCB0019002": "SHGX",
  "SVCB0020002": "SRGX",
  "SVCB0023002": "SHAX",
  "SVCB0025002": "SIRX",
  "SVCB0029002": "SOBX",
  "SVCB0030002": "SNLX",
  "SVCB0033002": "HUBX",
  "SVCB0035002": "KOBX",
  "SVCB0043002": "JSMX",
  "TNSC0010000": "CMDX",
  "TNSC0010100": "DDBX",
  "TNSC0010200": "KCCX",
  "TNSC0010300": "KAYX",
  "TNSC0010400": "KUMX",
  "TNSC0010500": "CCCX",
  "TNSC0010600": "MDCX",
  "TNSC0010700": "NDCX",
  "TNSC0010800": "EDCX",
  "TNSC0010900": "PUDX",
  "TNSC0011000": "RCDX",
  "TNSC0011100": "SCCX",
  "TNSC0011200": "CDCX",
  "TNSC0011300": "TJCX",
  "TNSC0011400": "TRDX",
  "TNSC0011500": "TIRX",
  "TNSC0011600": "VEDX",
  "TNSC0011700": "DCBX",
  "TNSC0011800": "VIRX",
  "TNSC0011900": "SVGX",
  "TNSC0012000": "TIDX",
  "TNSC0012100": "THOX",
  "TNSC0012200": "VDCX",
  "TNSC0015000": "TNIX",
  "TNSC0160101": "PCSX",
  "UBIN0DCBEDC": "EDSX",
  "UBIN0RRBKGS": "KGSX",
  "UCBA0RRBPBG": "PASX",
  "UJVN0000001": "USFB",
  "UTBI0RRBAGB": "AGVX",
  "UTBI0RRBBGB": "BGVX",
  "UTBI0RRBMRB": "MRBX",
  "UTBI0RRBTGB": "TGBX",
  "UTIB0ACCB01": "AMBX",
  "UTIB0BCCB01": "BHCX",
  "UTIB0BHIW01": "BHWX",
  "UTIB0CSCB22": "CHSX",
  "UTIB0FCCB01": "TFCX",
  "UTIB0HCCB01": "HISX",
  "UTIB0HSCB02": "HSCX",
  "UTIB0JCCB01": "JJCX",
  "UTIB0JIND01": "JINX",
  "UTIB0JSBR01": "JSKX",
  "UTIB0KAIT01": "KICX",
  "UTIB0KCCB01": "KNCX",
  "UTIB0KURU01": "KURX",
  "UTIB0NPCB01": "NPCX",
  "UTIB0PSCB01": "PSCX",
  "UTIB0RCCB01": "ROHX",
  "UTIB0REWA01": "REWX",
  "UTIB0SACBL1": "ASNX",
  "UTIB0SACUB1": "AGUX",
  "UTIB0SADC83": "APCX",
  "UTIB0SAMC01": "TAMX",
  "UTIB0SAPM01": "APMX",
  "UTIB0SAS001": "SASX",
  "UTIB0SASR01": "AMCX",
  "UTIB0SAZADB": "AZAX",
  "UTIB0SBCB01": "BCCX",
  "UTIB0SBCUB1": "PLOX",
  "UTIB0SBDCC1": "BEDX",
  "UTIB0SBLDB1": "TBDX",
  "UTIB0SBMCB1": "BMCB",
  "UTIB0SBNSBM": "BNBX",
  "UTIB0SBPCB1": "TBHX",
  "UTIB0SBPP02": "SBPX",
  "UTIB0SBUCB1": "BHTX",
  "UTIB0SCCB01": "SCPX",
  "UTIB0SCJMSB": "CJMX",
  "UTIB0SCPCB1": "CHPX",
  "UTIB0SCPSBN": "CPSN",
  "UTIB0SDCCB1": "DHBX",
  "UTIB0SFAZ01": "FCBX",
  "UTIB0SFCB01": "FRIX",
  "UTIB0SFCB02": "FZCX",
  "UTIB0SFDK03": "FCCX",
  "UTIB0SFGH01": "FSCX",
  "UTIB0SGCB01": "GUOX",
  "UTIB0SGDC01": "TGDX",
  "UTIB0SGDS01": "GCCX",
  "UTIB0SGUCB1": "GDUX",
  "UTIB0SHDCCB": "HSDX",
  "UTIB0SHSP01": "HOCX",
  "UTIB0SHUCBH": "HUCB",
  "UTIB0SICB25": "ILCB",
  "UTIB0SIDB99": "IDUX",
  "UTIB0SIPSB1": "ISBX",
  "UTIB0SIRS01": "SICX",
  "UTIB0SIUCB1": "IMPX",
  "UTIB0SJAL01": "JCCX",
  "UTIB0SJCB01": "JAMX",
  "UTIB0SJKCB1": "JKSX",
  "UTIB0SJSA01": "JKAX",
  "UTIB0SJSB01": "JBIX",
  "UTIB0SJSD01": "JMYX",
  "UTIB0SJSJ01": "JKMX",
  "UTIB0SJSN01": "JRNX",
  "UTIB0SKCU78": "TKTX",
  "UTIB0SKDB88": "KTBX",
  "UTIB0SKDC01": "TKDX",
  "UTIB0SKMCBL": "KMCX",
  "UTIB0SKNS01": "SHNX",
  "UTIB0SKNSB2": "KNSX",
  "UTIB0SKPT01": "KTCX",
  "UTIB0SKRN01": "KRTX",
  "UTIB0SKU399": "KUBX",
  "UTIB0SLDH01": "LCCX",
  "UTIB0SLDP47": "LDPX",
  "UTIB0SLNSB1": "LNSX",
  "UTIB0SMCB01": "MOGX",
  "UTIB0SMCC01": "MCCX",
  "UTIB0SMCCB1": "MCLX",
  "UTIB0SMLCBK": "MLCG",
  "UTIB0SMMCB1": "MAMX",
  "UTIB0SMNSB1": "MGSX",
  "UTIB0SMPCB1": "MPCX",
  "UTIB0SMSA01": "MNCX",
  "UTIB0SMUC12": "MHCX",
  "UTIB0SMUCB1": "MCOX",
  "UTIB0SNCB01": "NBBX",
  "UTIB0SNDCC1": "NANX",
  "UTIB0SNRP03": "NRMX",
  "UTIB0SNSCB1": "NSCX",
  "UTIB0SNUC01": "NALX",
  "UTIB0SNUCB1": "NBCX",
  "UTIB0SNWS01": "NCBX",
  "UTIB0SONE01": "SNPX",
  "UTIB0SPCB01": "PTCX",
  "UTIB0SPKD21": "PKDX",
  "UTIB0SPKL01": "PCCX",
  "UTIB0SPSB01": "PLUX",
  "UTIB0SRCB01": "RCCX",
  "UTIB0SRECB1": "RAEX",
  "UTIB0SRUCB1": "RUCX",
  "UTIB0SSMC01": "SARX",
  "UTIB0SSNS01": "SANX",
  "UTIB0SSNSBK": "SNSV",
  "UTIB0SSNSBL": "SENX",
  "UTIB0SSSB01": "SGLX",
  "UTIB0SSSBL1": "SISX",
  "UTIB0SSUCB1": "SSWX",
  "UTIB0SSVMCB": "SVMC",
  "UTIB0STMNBI": "MUNX",
  "UTIB0STTN01": "TTCX",
  "UTIB0SUBBLR": "BUCL",
  "UTIB0SUICB1": "UICX",
  "UTIB0SVNS01": "VANX",
  "UTIB0SWJP01": "WZUX",
  "UTIB0YCCB01": "YNCX",
  "WBSC0BDCB01": "BADX",
  "WBSC0BUCB01": "BNCX",
  "WBSC0DDCB01": "DDDX",
  "WBSC0DJCB01": "DDCX",
  "WBSC0HCCB01": "THWX",
  "WBSC0HDCB01": "HOOX",
  "WBSC0JCCB01": "JPCX",
  "WBSC0MALD15": "MLDX",
  "WBSC0MCCB01": "MURX",
  "WBSC0MGCB01": "MBCX",
  "WBSC0NDCB01": "NDDX",
  "WBSC0PCCB01": "PCCB",
  "WBSC0RCCB03": "RJCX",
  "WBSC0TCCB01": "TGCX",
  "WBSC0VCCB01": "VIDX",
  "YESB0ACB002": "TACX",
  "YESB0ACCB01": "AUBX",
  "YESB0ACUB01": "AGCX",
  "YESB0ADB001": "AVDX",
  "YESB0ANBL01": "ABDX",
  "YESB0ARCB01": "ARCX",
  "YESB0ASCB02": "ASOX",
  "YESB0AUBHO1": "AKOX",
  "YESB0AUCB01": "AJNX",
  "YESB0AURDCC": "ABCX",
  "YESB0AZSB01": "AZSX",
  "YESB0BBCB00": "BBSX",
  "YESB0BCBL02": "BUSX",
  "YESB0BHUC01": "BHDX",
  "YESB0BMSB01": "BHMX",
  "YESB0BRCB01": "BRCX",
  "YESB0BSCB01": "TBSX",
  "YESB0BUCB01": "BDUX",
  "YESB0CB0001": "CURX",
  "YESB0CDC016": "CPDX",
  "YESB0CJ0101": "CJAX",
  "YESB0DCBU01": "UTZX",
  "YESB0DCC001": "ODCX",
  "YESB0DEVB01": "DEVX",
  "YESB0DNB002": "DENS",
  "YESB0DUCB01": "UCDX",
  "YESB0DZSB02": "DDHX",
  "YESB0FAIZBK": "FMCX",
  "YESB0FINCO2": "FINX",
  "YESB0GCUB01": "GNCX",
  "YESB0GMCB01": "GMBX",
  "YESB0GSB001": "GSBX",
  "YESB0GSCB02": "GSBL",
  "YESB0GUCB01": "GUBX",
  "YESB0HCBL01": "HCLX",
  "YESB0HPB051": "HPSX",
  "YESB0HSBLM0": "HSBM",
  "YESB0HSCB01": "HSSX",
  "YESB0ICBL01": "INCX",
  "YESB0ICMB02": "ICMX",
  "YESB0IUBL01": "IMCX",
  "YESB0IUCB01": "IUCX",
  "YESB0JCBL01": "JSBX",
  "YESB0JCCB01": "JGCX",
  "YESB0JIVAN1": "JVCX",
  "YESB0JLCB01": "JALX",
  "YESB0KCCB01": "KTDX",
  "YESB0KCUB01": "KCUB",
  "YESB0KDCC01": "KARX",
  "YESB0KHBKGB": "KHAX",
  "YESB0KLMDCB": "KLMX",
  "YESB0KMNSB2": "KMNX",
  "YESB0KNB002": "KDIX",
  "YESB0LMNSB2": "LMNX",
  "YESB0LNSB01": "LOKX",
  "YESB0LUBLMP": "LKHX",
  "YESB0MAB001": "MIZX",
  "YESB0MAN001": "MDMX",
  "YESB0MCA001": "MYAX",
  "YESB0MDCCBL": "MJCX",
  "YESB0MIEB02": "MAKX",
  "YESB0MNSB01": "MHNX",
  "YESB0MSB002": "UMSX",
  "YESB0MSCB01": "MSCX",
  "YESB0MUDC01": "MZCX",
  "YESB0MWCB01": "MAWX",
  "YESB0NBGKPI": "NSGX",
  "YESB0NCB001": "NOBX",
  "YESB0NCCB01": "NWCX",
  "YESB0NDCB01": "NAIX",
  "YESB0NRDB01": "NRDX",
  "YESB0NSB001": "NGBX",
  "YESB0NVSB01": "NVSX",
  "YESB0OMKAR1": "ONSX",
  "YESB0PCUB01": "PCUX",
  "YESB0PDBHO1": "PARX",
  "YESB0PKUB01": "PKBX",
  "YESB0PMCB02": "PCMX",
  "YESB0PMNSB1": "PMNX",
  "YESB0PSB002": "PSBX",
  "YESB0PSCB01": "PRPX",
  "YESB0PUB001": "PUCX",
  "YESB0PUCB01": "PNCX",
  "YESB0RAJ001": "TCBX",
  "YESB0RCUB01": "RCMX",
  "YESB0RECBS1": "RECX",
  "YESB0RLB001": "RAUX",
  "YESB0RNSB01": "RNSX",
  "YESB0RSBL01": "RRSX",
  "YESB0RUCB05": "RAJX",
  "YESB0SATYA0": "SATX",
  "YESB0SBPBHO": "SDTX",
  "YESB0SCB003": "SKCX",
  "YESB0SCUB01": "SHMX",
  "YESB0SDB002": "SRHX",
  "YESB0SDC001": "SOLX",
  "YESB0SHBK01": "SSHX",
  "YESB0SIND01": "SNDX",
  "YESB0SLMCB2": "SBLX",
  "YESB0SMBLHO": "SHRX",
  "YESB0SMCB05": "SUMX",
  "YESB0SNSB01": "SNSX",
  "YESB0SSBL01": "SVOX",
  "YESB0SUCB01": "SHCX",
  "YESB0SVSB01": "SVRX",
  "YESB0TCB002": "TESX",
  "YESB0TMNS02": "MANX",
  "YESB0TPBL01": "TRAX",
  "YESB0TPCB02": "PWUX",
  "YESB0TPUCB1": "PUUX",
  "YESB0TSSB01": "SSBL",
  "YESB0TURA01": "TURX",
  "YESB0UCBR01": "UROX",
  "YESB0UMA002": "UMAX",
  "YESB0UMCBHO": "UNMX",
  "YESB0UMIB01": "UMUX",
  "YESB0URBAN1": "UBBX",
  "YESB0UUCB02": "UUCX",
  "YESB0VASB01": "VASX",
  "YESB0VCA001": "VCAX",
  "YESB0VKCB01": "VKCX",
  "YESB0VMCB04": "VMMX",
  "YESB0VMUB04": "VMUX",
  "YESB0VNB001": "VCNB",
  "YESB0VNSB01": "VIKX",
  "YESB0VSBL02": "VYAX",
  "YESB0VSV001": "VSVX",
  "YESB0WANA01": "WNBX",
  "YESB0WUCB01": "WRCX",
  "YESB0YDC001": "YADX",
  "YESB0YLNS01": "YLNX",
  "YESB0YUCB01": "YAVX",
  "YESB0ZSBL15": "ZISX"
}